first_name,last_name,email,gender,ip_address
Isacco,Maides,imaides0@huffingtonpost.com,Male,19.129.211.57
Regina,Helwig,rhelwig1@printfriendly.com,Female,104.87.249.6
Albrecht,Baxandall,abaxandall2@dot.gov,Male,68.247.86.191
Elita,Fearfull,efearfull3@trellian.com,Female,208.31.78.21
Fred,Sewall,fsewall4@google.com.br,Female,199.244.211.167
Timmi,Petrolli,tpetrolli5@mit.edu,Female,122.133.138.5
Gamaliel,Kittel,gkittel6@oaic.gov.au,Male,137.179.220.204
Elmore,Dudny,edudny7@dedecms.com,Male,230.14.139.25
Beverley,Maffioni,bmaffioni8@e-recht24.de,Female,147.193.31.129
Culley,Lernihan,clernihan9@jimdo.com,Male,177.59.202.68
Kylie,Getty,kgettya@ed.gov,Male,227.232.12.165
Lindsey,Brooksbank,lbrooksbankb@apple.com,Female,183.131.243.52
Teodora,Corns,tcornsc@blog.com,Female,167.137.232.4
Arte,Saura,asaurad@com.com,Male,210.230.108.11
Ximenes,Prandy,xprandye@webmd.com,Male,101.49.115.209
Lib,Baurerich,lbaurerichf@narod.ru,Agender,126.173.2.173
Doy,Tetla,dtetlag@bizjournals.com,Male,7.16.251.102
Philly,Tregust,ptregusth@wordpress.org,Female,174.231.47.9
Saxon,Marchiso,smarchisoi@ezinearticles.com,Male,57.249.238.226
Chalmers,Pittson,cpittsonj@aol.com,Male,244.93.46.170
Reine,Vinnicombe,rvinnicombek@lycos.com,Female,73.42.237.51
Leia,Boole,lboolel@about.me,Agender,224.212.194.109
Rivalee,Gann,rgannm@narod.ru,Female,4.84.250.33
Oby,Tersay,otersayn@independent.co.uk,Male,82.174.15.173
Giralda,O' Kelleher,gokellehero@cornell.edu,Female,129.196.207.241
Junia,Romagnosi,jromagnosip@sfgate.com,Female,46.2.188.60
Ysabel,McInerney,ymcinerneyq@nsw.gov.au,Female,57.88.92.59
Jehanna,Castel,jcastelr@dion.ne.jp,Female,65.246.104.43
Rakel,Bonnette,rbonnettes@dmoz.org,Female,61.156.203.215
Skipp,Karslake,skarslaket@pagesperso-orange.fr,Male,28.64.130.206
Eudora,Balcers,ebalcersu@storify.com,Female,141.24.229.15
Roz,Varney,rvarneyv@bing.com,Female,68.69.11.7
Denna,Stoves,dstovesw@symantec.com,Female,30.216.223.178
Dalenna,Locker,dlockerx@gmpg.org,Female,144.32.142.5
Taryn,Headings,theadingsy@g.co,Female,53.117.229.157
Melisenda,MacVean,mmacveanz@devhub.com,Female,88.211.57.199
Horton,Whiteside,hwhiteside10@home.pl,Male,59.171.217.233
Arch,Philipsohn,aphilipsohn11@baidu.com,Male,218.60.246.178
Tobin,Klos,tklos12@addtoany.com,Male,148.134.116.168
Brook,Hatfield,bhatfield13@google.cn,Bigender,186.102.11.197
Luis,Fireman,lfireman14@networksolutions.com,Male,137.239.137.234
Thorsten,Handling,thandling15@google.ca,Genderfluid,117.163.11.137
Joanna,Dudley,jdudley16@vkontakte.ru,Genderqueer,65.241.46.6
Benedetto,Oldroyd,boldroyd17@vkontakte.ru,Male,96.232.131.211
Noni,Holttom,nholttom18@jigsy.com,Female,55.118.79.21
Devlin,Jarrold,djarrold19@wikia.com,Agender,155.33.165.48
Ulrika,Prisk,uprisk1a@exblog.jp,Female,255.237.210.170
Germain,Zuanazzi,gzuanazzi1b@google.es,Female,195.216.33.152
Darda,Longford,dlongford1c@hexun.com,Non-binary,127.12.15.172
Norrie,MacGebenay,nmacgebenay1d@homestead.com,Male,177.17.145.135
Jephthah,Pegg,jpegg1e@constantcontact.com,Male,231.85.99.32
Thaxter,Canniffe,tcanniffe1f@hexun.com,Male,86.243.65.86
Porty,Minor,pminor1g@dion.ne.jp,Male,121.108.210.7
Rodolfo,Pietrasik,rpietrasik1h@biblegateway.com,Male,68.222.226.158
Jocelyne,Samet,jsamet1i@icq.com,Female,20.83.219.176
Langston,Camilleri,lcamilleri1j@angelfire.com,Male,37.53.1.207
Agretha,Tolland,atolland1k@technorati.com,Female,139.22.248.226
Bevan,Grise,bgrise1l@wikispaces.com,Male,64.198.14.178
Riley,Adamiak,radamiak1m@paginegialle.it,Male,144.147.160.101
Merill,Sowrah,msowrah1n@barnesandnoble.com,Male,92.8.13.176
Claresta,Roxburch,croxburch1o@springer.com,Female,173.211.169.184
Berenice,Abernethy,babernethy1p@squidoo.com,Female,83.229.164.25
Husain,Raffels,hraffels1q@goodreads.com,Male,124.247.136.203
Corrinne,McLleese,cmclleese1r@123-reg.co.uk,Female,175.166.214.235
Marybeth,Trevaskiss,mtrevaskiss1s@hao123.com,Female,10.228.42.121
Brunhilde,Marciskewski,bmarciskewski1t@home.pl,Female,37.202.154.203
Aleece,Bonnaire,abonnaire1u@odnoklassniki.ru,Female,105.194.16.106
Efren,Harme,eharme1v@dailymotion.com,Male,70.54.250.104
Nichols,Merrison,nmerrison1w@amazon.de,Male,34.27.232.32
Ambrose,Wilbore,awilbore1x@netvibes.com,Male,3.46.39.92
Maynard,Coney,mconey1y@time.com,Male,4.52.85.129
Camellia,Fitzer,cfitzer1z@elpais.com,Female,207.232.144.191
Herc,Cridlon,hcridlon20@house.gov,Male,101.10.244.225
Iormina,Carlucci,icarlucci21@dailymail.co.uk,Female,49.24.52.171
Nelie,Pietruschka,npietruschka22@myspace.com,Bigender,199.93.92.212
Antoine,Milillo,amilillo23@about.me,Male,145.132.195.153
Alvin,Seeking,aseeking24@howstuffworks.com,Male,120.102.42.154
Josias,Aldiss,jaldiss25@last.fm,Male,92.50.54.216
Bird,Ivison,bivison26@gmpg.org,Female,181.202.40.82
Quintina,Muffett,qmuffett27@zimbio.com,Female,47.239.73.140
Oswald,Errichi,oerrichi28@netlog.com,Bigender,201.217.250.90
Etty,Matthius,ematthius29@hc360.com,Female,40.54.255.102
Estella,Rucklidge,erucklidge2a@kickstarter.com,Female,219.233.181.148
Zaria,Monshall,zmonshall2b@census.gov,Female,133.155.215.21
Minny,Gatrill,mgatrill2c@blogspot.com,Female,48.64.91.206
Ardith,Phalip,aphalip2d@seattletimes.com,Female,111.34.44.242
Estevan,Doggart,edoggart2e@tinypic.com,Non-binary,222.201.75.132
Gabrielle,Donavan,gdonavan2f@washington.edu,Female,1.108.179.184
Andre,Wemyss,awemyss2g@prlog.org,Male,215.135.80.72
Upton,Mathers,umathers2h@wufoo.com,Male,65.75.166.168
Alexandre,Scandroot,ascandroot2i@zimbio.com,Male,85.160.61.228
Haily,Gaitley,hgaitley2j@aol.com,Male,126.151.53.237
Demott,Schnieder,dschnieder2k@desdev.cn,Male,29.57.49.108
Pepi,Auchterlony,pauchterlony2l@sitemeter.com,Female,59.136.158.70
Danielle,Leyninye,dleyninye2m@amazonaws.com,Female,93.172.47.96
Emile,Mingardo,emingardo2n@addtoany.com,Male,63.183.74.246
Josefa,Liddel,jliddel2o@wp.com,Female,218.73.22.89
Noland,De Ruggero,nderuggero2p@geocities.com,Male,166.243.170.253
Terry,Canas,tcanas2q@blinklist.com,Female,9.109.212.196
Cyril,Grimshaw,cgrimshaw2r@sohu.com,Male,102.123.188.236
Ralf,Panner,rpanner2s@dailymotion.com,Male,132.106.232.72
Melva,Beckinsale,mbeckinsale2t@army.mil,Female,1.134.141.197
Moises,Cains,mcains2u@unblog.fr,Male,213.14.236.104
Alano,Berthomieu,aberthomieu2v@merriam-webster.com,Male,154.205.175.13
Loleta,Minet,lminet2w@de.vu,Female,123.160.33.159
Bradford,Albion,balbion2x@netscape.com,Male,182.175.105.128
Rafe,Batalle,rbatalle2y@cloudflare.com,Male,151.244.5.158
Agnes,Cowpe,acowpe2z@biblegateway.com,Genderfluid,71.75.157.232
Donnamarie,Antonio,dantonio30@nba.com,Female,253.39.31.222
Archy,Blunsden,ablunsden31@istockphoto.com,Male,92.182.7.144
Madison,Tabram,mtabram32@wikispaces.com,Male,139.162.229.13
Mylo,Pevie,mpevie33@ted.com,Male,128.41.170.98
Hinze,O'Donohue,hodonohue34@mozilla.org,Male,5.185.197.4
Pascale,Sagg,psagg35@businesswire.com,Male,11.54.96.96
Steffi,Greally,sgreally36@amazon.de,Female,123.231.152.74
Alexander,Tomasi,atomasi37@gravatar.com,Agender,130.30.52.165
Zsazsa,Extence,zextence38@ucsd.edu,Female,70.20.13.61
Ottilie,Stirrip,ostirrip39@japanpost.jp,Female,243.239.106.2
Cissiee,Hookes,chookes3a@pagesperso-orange.fr,Female,12.187.27.69
Cullin,Nation,cnation3b@wisc.edu,Male,204.7.144.167
Eugen,Golden of Ireland,egoldenofireland3c@adobe.com,Male,165.111.40.199
Cynthy,Itzcovich,citzcovich3d@multiply.com,Female,2.10.118.6
Jackqueline,Daldry,jdaldry3e@amazon.co.jp,Female,43.200.101.36
Cher,Kleyn,ckleyn3f@elegantthemes.com,Female,232.192.237.255
Kaleb,Linfoot,klinfoot3g@loc.gov,Male,0.103.114.24
Claudianus,Mintrim,cmintrim3h@timesonline.co.uk,Bigender,189.240.185.118
Audy,Vaan,avaan3i@stumbleupon.com,Female,70.119.180.123
Nada,Roscamps,nroscamps3j@mashable.com,Female,127.22.72.178
Leighton,McCreedy,lmccreedy3k@abc.net.au,Male,30.171.2.92
Akim,Dunbobin,adunbobin3l@china.com.cn,Male,149.76.207.91
Sophey,Perview,sperview3m@cbslocal.com,Female,59.125.53.239
Deeann,Giacopello,dgiacopello3n@creativecommons.org,Female,33.45.150.184
Davie,Dahlbom,ddahlbom3o@biglobe.ne.jp,Male,224.229.51.206
Far,Crichmer,fcrichmer3p@seesaa.net,Male,210.52.177.180
Elysia,Enrietto,eenrietto3q@angelfire.com,Female,187.4.203.17
Lev,Pithie,lpithie3r@telegraph.co.uk,Male,236.119.128.141
Melly,Polycote,mpolycote3s@squarespace.com,Female,217.187.96.237
Roderich,Fardy,rfardy3t@sitemeter.com,Male,217.148.101.21
Goldy,Stump,gstump3u@webmd.com,Female,36.213.138.208
Brit,Bertelmot,bbertelmot3v@facebook.com,Male,64.196.64.210
Erina,Clemow,eclemow3w@cbc.ca,Female,36.50.136.240
Carlie,Carlisi,ccarlisi3x@omniture.com,Male,69.93.152.222
Emilio,Sarrell,esarrell3y@storify.com,Male,69.238.216.222
Lian,Cundict,lcundict3z@miibeian.gov.cn,Female,222.205.245.121
Teddy,Heeks,theeks40@google.com.au,Male,87.40.34.155
Erskine,Ivimy,eivimy41@umich.edu,Male,51.208.47.25
Daniel,Giacaponi,dgiacaponi42@mtv.com,Male,254.241.95.35
Elga,Sindle,esindle43@washingtonpost.com,Female,182.216.36.49
Layla,Bolderstone,lbolderstone44@apache.org,Female,48.237.206.211
Harvey,Ferrettini,hferrettini45@mtv.com,Male,94.66.52.254
Baillie,Dargue,bdargue46@geocities.jp,Male,169.49.123.253
Elinor,Rahl,erahl47@ameblo.jp,Female,20.21.84.70
Sammie,Carvil,scarvil48@arstechnica.com,Male,234.39.107.192
Claiborne,Biggadyke,cbiggadyke49@squarespace.com,Non-binary,182.209.27.246
Vikki,Need,vneed4a@hp.com,Female,11.136.172.193
Holly,Dahmke,hdahmke4b@ted.com,Female,237.174.175.250
Dolly,Cadge,dcadge4c@a8.net,Female,14.205.3.1
Jedd,Felgate,jfelgate4d@ezinearticles.com,Male,50.162.38.181
Annetta,Klishin,aklishin4e@tripod.com,Female,28.34.167.129
Dedie,Wilbraham,dwilbraham4f@un.org,Female,119.32.124.249
Guntar,Beveredge,gbeveredge4g@unicef.org,Male,184.96.215.227
Bobbie,Feldstern,bfeldstern4h@miibeian.gov.cn,Female,18.159.47.67
Solomon,Crocken,scrocken4i@mediafire.com,Male,65.186.14.154
Jedediah,Josebury,jjosebury4j@usa.gov,Male,29.4.97.134
Frederic,Polkinghorne,fpolkinghorne4k@blinklist.com,Male,116.39.75.26
Coralyn,Coche,ccoche4l@shinystat.com,Female,196.46.210.189
Eustace,Hartland,ehartland4m@goo.gl,Male,255.221.124.130
Juliet,De Morena,jdemorena4n@about.com,Female,12.178.209.93
Algernon,Champ,achamp4o@last.fm,Male,60.8.180.253
Nixie,Frankland,nfrankland4p@xrea.com,Female,149.235.152.240
Remus,Segge,rsegge4q@over-blog.com,Male,18.36.45.36
Darbie,Goom,dgoom4r@ow.ly,Female,243.167.208.222
Fiona,Vales,fvales4s@xinhuanet.com,Female,186.251.14.2
Philip,Dmtrovic,pdmtrovic4t@dagondesign.com,Male,106.66.185.132
Dannie,Pinn,dpinn4u@ehow.com,Female,160.193.14.136
Marita,Elphinston,melphinston4v@geocities.com,Female,137.43.33.185
Tawsha,Shillito,tshillito4w@woothemes.com,Female,236.122.53.131
Lorain,Pinel,lpinel4x@disqus.com,Female,204.57.41.159
Eloisa,Ianiello,eianiello4y@nbcnews.com,Female,12.76.203.149
Waverley,Flancinbaum,wflancinbaum4z@com.com,Male,247.196.113.56
Yehudit,Ludlam,yludlam50@privacy.gov.au,Male,109.111.63.97
Fax,Tummasutti,ftummasutti51@state.gov,Male,105.115.132.26
Wilhelm,Krinks,wkrinks52@acquirethisname.com,Bigender,236.28.63.22
Hussein,Burgyn,hburgyn53@howstuffworks.com,Male,115.52.207.162
Britt,Bartolomeu,bbartolomeu54@livejournal.com,Male,102.182.234.74
Neall,Lewton,nlewton55@ovh.net,Male,176.154.20.184
Augusto,Canedo,acanedo56@hud.gov,Male,233.199.28.226
Deva,Knowlys,dknowlys57@hc360.com,Female,80.180.60.88
Booth,Zorzutti,bzorzutti58@example.com,Male,220.20.144.217
Ephraim,Albiston,ealbiston59@irs.gov,Male,234.223.157.162
Randal,Sterke,rsterke5a@aboutads.info,Male,1.159.46.103
Shepard,Tokley,stokley5b@hubpages.com,Bigender,165.68.85.111
Kesley,Ramsby,kramsby5c@t-online.de,Genderqueer,43.57.86.2
Nady,Tudhope,ntudhope5d@disqus.com,Female,62.88.58.48
Mahmoud,Di Giorgio,mdigiorgio5e@miibeian.gov.cn,Male,57.128.54.68
Dietrich,Warlock,dwarlock5f@mit.edu,Male,18.142.86.93
Chelsie,Hickenbottom,chickenbottom5g@mit.edu,Female,166.110.56.28
Etta,Morriarty,emorriarty5h@aboutads.info,Female,249.125.103.250
Jeremy,Booley,jbooley5i@loc.gov,Male,55.202.233.179
Basile,Johns,bjohns5j@jigsy.com,Male,30.34.238.89
Bowie,Sturdgess,bsturdgess5k@youtube.com,Male,97.230.15.30
Gennifer,Peakman,gpeakman5l@imdb.com,Female,249.219.162.220
Anissa,Wildber,awildber5m@github.io,Female,187.193.158.193
Briano,Hannum,bhannum5n@cbc.ca,Male,87.59.161.140
Galen,Pullman,gpullman5o@geocities.jp,Male,54.74.148.67
Lucie,Treffrey,ltreffrey5p@myspace.com,Genderfluid,135.253.3.140
Alice,Weight,aweight5q@sitemeter.com,Female,89.170.41.39
Silvie,Balducci,sbalducci5r@opera.com,Female,120.31.106.116
Franzen,Satteford,fsatteford5s@hud.gov,Male,217.142.184.101
Janek,Lyst,jlyst5t@chron.com,Male,137.219.64.195
Britt,Glasner,bglasner5u@deliciousdays.com,Male,173.208.106.180
Rose,Pau,rpau5v@github.io,Female,157.81.119.40
Renate,O'Scollain,roscollain5w@icio.us,Female,161.193.75.160
Maddy,Coleyshaw,mcoleyshaw5x@bloomberg.com,Female,157.149.4.29
Erin,Vose,evose5y@chronoengine.com,Male,157.180.204.81
Bill,Dondon,bdondon5z@twitter.com,Male,216.135.249.203
Gordan,Ginity,gginity60@vistaprint.com,Male,112.49.168.111
Nancey,Hardiman,nhardiman61@mlb.com,Polygender,95.16.79.236
Enrica,Pollok,epollok62@simplemachines.org,Female,147.21.143.220
Antoinette,Gildersleeve,agildersleeve63@g.co,Genderqueer,103.211.78.237
Elisa,Iddon,eiddon64@t.co,Female,132.78.6.186
Revkah,Stealy,rstealy65@wunderground.com,Female,148.204.132.93
Axel,O'Shevlan,aoshevlan66@tinypic.com,Genderqueer,161.224.107.179
Inglis,Hussey,ihussey67@cargocollective.com,Male,225.240.24.85
Jeromy,Reck,jreck68@forbes.com,Male,215.26.248.238
Daron,Mapples,dmapples69@discovery.com,Female,1.95.169.189
Gunter,Daughtrey,gdaughtrey6a@cbsnews.com,Male,62.32.4.236
Lock,Roisen,lroisen6b@cargocollective.com,Male,83.245.185.252
Rosemary,Prest,rprest6c@digg.com,Female,40.143.253.172
Marleen,Middas,mmiddas6d@cbc.ca,Female,48.241.142.83
Quinta,Park,qpark6e@altervista.org,Polygender,39.2.73.152
Holli,Winchcomb,hwinchcomb6f@answers.com,Female,64.93.102.148
Wayne,Pinsent,wpinsent6g@mediafire.com,Bigender,175.244.121.255
Jobie,Towe,jtowe6h@slideshare.net,Female,160.238.237.187
Bethanne,Grunwald,bgrunwald6i@tinyurl.com,Female,124.134.99.45
Carlin,Hrishanok,chrishanok6j@cnbc.com,Male,122.120.193.157
Pace,Newsome,pnewsome6k@hud.gov,Male,208.41.246.223
Maybelle,Cornish,mcornish6l@cisco.com,Female,247.145.254.18
Tripp,Butterfill,tbutterfill6m@omniture.com,Male,122.101.199.56
Natalina,Mosey,nmosey6n@tmall.com,Female,93.83.7.183
Josy,Propper,jpropper6o@engadget.com,Genderfluid,126.30.110.9
Flss,Sturror,fsturror6p@twitter.com,Agender,94.225.7.204
Ophelia,Mcasparan,omcasparan6q@1und1.de,Female,148.163.158.35
Edeline,Haughey,ehaughey6r@wisc.edu,Female,136.162.234.137
Daune,Feltoe,dfeltoe6s@dropbox.com,Female,122.97.213.4
Ned,Craisford,ncraisford6t@t.co,Male,110.225.215.115
Tammy,Klimkowski,tklimkowski6u@amazonaws.com,Male,124.214.160.95
Camilla,Wathey,cwathey6v@friendfeed.com,Female,70.85.224.12
Hedwig,Bowgen,hbowgen6w@noaa.gov,Female,181.44.181.181
Clement,Cockland,ccockland6x@ning.com,Male,105.85.19.255
Marybelle,Eastham,meastham6y@ca.gov,Female,147.171.115.238
Durand,Caughte,dcaughte6z@hatena.ne.jp,Genderfluid,2.223.61.71
Darcey,de Banke,ddebanke70@squarespace.com,Agender,54.185.146.140
Werner,Houlworth,whoulworth71@usda.gov,Male,181.171.111.216
Kessiah,Cudbertson,kcudbertson72@wp.com,Polygender,131.218.205.204
Ephrem,Halshaw,ehalshaw73@mtv.com,Male,248.112.70.210
Celina,Truse,ctruse74@google.es,Female,184.179.192.104
Zahara,Boobier,zboobier75@amazon.de,Female,176.23.251.94
Tansy,Matyukon,tmatyukon76@sciencedaily.com,Female,219.39.67.197
Erek,Selby,eselby77@sun.com,Male,156.191.164.78
Maybelle,Cordero,mcordero78@mail.ru,Female,239.251.218.0
Tiphany,Bidmead,tbidmead79@sina.com.cn,Female,127.236.111.249
Dimitry,Nyles,dnyles7a@github.io,Male,133.6.227.201
Hagen,Branno,hbranno7b@nbcnews.com,Genderqueer,46.162.247.38
Evan,Pettecrew,epettecrew7c@oracle.com,Male,89.216.90.106
Nevin,Gounel,ngounel7d@cornell.edu,Male,244.227.232.83
Sascha,Morden,smorden7e@who.int,Male,3.155.57.153
Bobby,Jukubczak,bjukubczak7f@statcounter.com,Male,43.210.47.247
Jacklyn,Dover,jdover7g@comsenz.com,Female,239.125.84.31
Brent,Borsi,bborsi7h@nymag.com,Polygender,225.132.81.129
Dyna,McGeffen,dmcgeffen7i@foxnews.com,Female,48.55.247.210
Elna,Siman,esiman7j@angelfire.com,Female,32.108.191.249
Christie,Assard,cassard7k@nih.gov,Male,101.241.181.155
Cacilia,Steen,csteen7l@free.fr,Female,142.67.174.127
Sigfrid,Collumbell,scollumbell7m@a8.net,Male,156.183.77.160
Aloysius,Tolcher,atolcher7n@gmpg.org,Male,49.239.224.71
Vassily,Beckley,vbeckley7o@arizona.edu,Male,117.193.34.61
Corrinne,Francino,cfrancino7p@usatoday.com,Female,40.64.194.39
Gallagher,Stoneley,gstoneley7q@photobucket.com,Non-binary,0.72.125.163
Dorolice,Ellacombe,dellacombe7r@auda.org.au,Female,17.11.73.69
Dominique,Gloster,dgloster7s@mysql.com,Female,237.250.128.81
Goddart,Ewbank,gewbank7t@webnode.com,Male,138.54.240.224
Sheffie,Lynett,slynett7u@hp.com,Male,32.7.73.112
Elden,Van Arsdall,evanarsdall7v@statcounter.com,Genderfluid,164.161.67.235
Olympie,Cameli,ocameli7w@apache.org,Genderqueer,147.69.56.59
Bobby,Shelf,bshelf7x@cdbaby.com,Male,50.2.172.138
Jarrod,Estable,jestable7y@mlb.com,Male,217.228.125.249
Mikey,Tregona,mtregona7z@sourceforge.net,Male,93.224.32.165
Edita,Discombe,ediscombe80@springer.com,Female,248.107.25.156
Ado,Newcom,anewcom81@sfgate.com,Male,35.224.210.147
Mariejeanne,Ramsden,mramsden82@ocn.ne.jp,Female,26.44.210.160
Georgy,Ringer,gringer83@nydailynews.com,Male,82.87.32.57
Moise,Gummoe,mgummoe84@discuz.net,Male,79.47.158.218
Chevalier,McSaul,cmcsaul85@skype.com,Male,175.164.186.108
Chan,McGriffin,cmcgriffin86@last.fm,Male,65.169.129.75
Sophie,Vigne,svigne87@yandex.ru,Polygender,185.192.163.48
Alleen,Gabe,agabe88@jugem.jp,Female,242.20.134.97
Marcellus,Mathivat,mmathivat89@sciencedaily.com,Male,159.156.198.55
Dew,Castelletto,dcastelletto8a@wunderground.com,Male,177.153.23.159
Averyl,Nolli,anolli8b@loc.gov,Female,154.103.40.44
Dimitri,Stride,dstride8c@globo.com,Male,203.220.15.108
Giffer,Escoffier,gescoffier8d@biblegateway.com,Male,0.150.130.152
Harry,Storch,hstorch8e@china.com.cn,Male,146.182.133.62
Rhiamon,Truder,rtruder8f@dmoz.org,Female,8.105.17.125
Lin,Yansons,lyansons8g@weather.com,Agender,240.162.41.39
Blanch,Shaw,bshaw8h@fda.gov,Female,219.108.244.77
Royal,Kalvin,rkalvin8i@globo.com,Male,59.81.131.150
Paulette,Glassborow,pglassborow8j@narod.ru,Female,62.89.206.130
Frank,Gilding,fgilding8k@apple.com,Female,29.251.17.229
Peri,Millan,pmillan8l@joomla.org,Female,63.119.98.240
Lonna,Keyzor,lkeyzor8m@mac.com,Female,130.232.169.147
Ramon,Shead,rshead8n@parallels.com,Male,3.225.96.62
Anastasia,Van Dijk,avandijk8o@wisc.edu,Female,167.14.144.69
Ruddy,McNeillie,rmcneillie8p@opera.com,Male,172.110.7.86
Margaux,Syrie,msyrie8q@blogspot.com,Female,100.146.70.42
Hort,Crossingham,hcrossingham8r@samsung.com,Male,1.182.209.111
Constance,Morrowe,cmorrowe8s@dell.com,Female,16.247.28.52
Osbert,Shasnan,oshasnan8t@twitpic.com,Male,247.17.81.170
Gerrilee,Strooband,gstrooband8u@utexas.edu,Female,43.112.97.255
Kirstin,Loweth,kloweth8v@instagram.com,Female,201.224.135.65
Bobette,Thowless,bthowless8w@baidu.com,Female,84.124.188.216
Brigitta,Hafford,bhafford8x@hatena.ne.jp,Female,222.214.47.29
Nye,Kibel,nkibel8y@freewebs.com,Male,190.55.50.27
Gwennie,Sutor,gsutor8z@gravatar.com,Female,50.214.10.90
Colline,Trappe,ctrappe90@so-net.ne.jp,Female,80.183.74.77
Waverley,Cheales,wcheales91@businesswire.com,Male,36.158.176.48
Giffy,Minister,gminister92@yahoo.com,Male,105.51.120.25
Persis,Winsiowiecki,pwinsiowiecki93@diigo.com,Female,110.108.43.24
Sibeal,Lemonby,slemonby94@un.org,Female,63.99.130.203
Manfred,Skett,mskett95@sakura.ne.jp,Male,81.112.175.209
Gayel,Sundin,gsundin96@wired.com,Female,7.142.92.192
Fern,Pride,fpride97@intel.com,Female,183.171.213.139
Clay,Trymme,ctrymme98@youku.com,Male,208.181.234.231
Shoshana,Franke,sfranke99@php.net,Female,170.79.233.27
Krissie,Scedall,kscedall9a@indiegogo.com,Female,39.75.177.51
Alford,McCerery,amccerery9b@ted.com,Male,27.189.14.253
Merell,Holtum,mholtum9c@furl.net,Male,81.86.119.60
Clarence,Jaggar,cjaggar9d@angelfire.com,Male,168.104.30.177
Pinchas,Scarsbrook,pscarsbrook9e@squidoo.com,Male,20.121.110.93
Amanda,Melmore,amelmore9f@salon.com,Female,4.76.130.180
Lorianne,Weavers,lweavers9g@purevolume.com,Genderqueer,236.75.89.244
Hobard,Casel,hcasel9h@dropbox.com,Male,64.185.69.162
Corabel,Jewis,cjewis9i@fc2.com,Female,40.221.105.166
Antonietta,Maxwell,amaxwell9j@ihg.com,Female,214.32.242.246
Richie,Menpes,rmenpes9k@wired.com,Male,186.161.70.88
Leif,Heinemann,lheinemann9l@wp.com,Genderfluid,172.108.143.246
Donnajean,Mattheus,dmattheus9m@ucoz.ru,Female,38.239.52.41
Violet,Storrs,vstorrs9n@biglobe.ne.jp,Female,82.48.233.80
Pascale,Collecott,pcollecott9o@rediff.com,Male,24.59.206.44
Verge,Pridding,vpridding9p@1688.com,Male,244.233.47.93
Mead,Glencros,mglencros9q@netscape.com,Female,202.206.27.226
Tomlin,Vassar,tvassar9r@google.ca,Male,216.9.179.138
Kelley,Blackader,kblackader9s@time.com,Male,249.77.229.213
Nari,MacDwyer,nmacdwyer9t@nsw.gov.au,Female,79.235.106.197
Gale,Poynter,gpoynter9u@360.cn,Agender,229.206.239.170
Carmel,Audrey,caudrey9v@livejournal.com,Female,107.112.115.138
Hobey,Jeannard,hjeannard9w@ca.gov,Male,147.223.110.158
Ruprecht,McClune,rmcclune9x@arstechnica.com,Genderfluid,135.55.145.31
Dodi,Agg,dagg9y@so-net.ne.jp,Female,126.157.2.181
Joela,Blasgen,jblasgen9z@smh.com.au,Female,151.27.116.10
Bud,Van Brug,bvanbruga0@mozilla.com,Polygender,79.177.133.161
Lesya,Merveille,lmerveillea1@independent.co.uk,Female,220.10.157.116
Lolita,Yatman,lyatmana2@unesco.org,Female,162.0.131.222
Piotr,London,plondona3@baidu.com,Male,135.248.18.241
Zebulon,Thackston,zthackstona4@toplist.cz,Male,74.90.180.241
Isidore,Hegley,ihegleya5@shareasale.com,Male,32.98.172.253
Blair,Aston,bastona6@weather.com,Polygender,163.108.78.177
Nikolos,Tesche,nteschea7@who.int,Male,153.89.107.240
Adolpho,Van der Veldt,avanderveldta8@clickbank.net,Male,181.74.230.20
Brunhilde,Adamowicz,badamowicza9@jiathis.com,Female,234.80.47.123
Consolata,Dodle,cdodleaa@smugmug.com,Female,140.141.165.20
Tomasina,Grigoriscu,tgrigoriscuab@microsoft.com,Female,81.139.233.64
Tobi,Bowring,tbowringac@mashable.com,Female,32.75.44.27
Ferdy,Birrell,fbirrellad@dropbox.com,Male,147.133.92.5
Jarib,Whorton,jwhortonae@nationalgeographic.com,Male,134.117.23.156
Yolanthe,Deviney,ydevineyaf@pinterest.com,Female,20.214.244.216
Roxy,Mebius,rmebiusag@infoseek.co.jp,Female,104.251.12.107
Correy,Whatman,cwhatmanah@gnu.org,Male,91.160.229.83
Marian,Trevena,mtrevenaai@photobucket.com,Female,37.218.99.128
Collie,Hornbuckle,chornbuckleaj@illinois.edu,Female,168.230.215.131
Rowan,Rudman,rrudmanak@businessinsider.com,Male,115.155.119.72
Rahel,Mutter,rmutteral@sun.com,Non-binary,145.240.5.207
Terence,McInteer,tmcinteeram@amazon.com,Male,157.19.138.83
Jamill,Ummfrey,jummfreyan@illinois.edu,Male,24.122.85.131
Talyah,Waite,twaiteao@bloomberg.com,Female,176.148.168.238
Dill,Kmietsch,dkmietschap@google.es,Male,22.249.155.247
Karim,Ironside,kironsideaq@simplemachines.org,Male,199.175.212.217
Ansel,Bubb,abubbar@wired.com,Male,81.173.45.233
Natalie,Dales,ndalesas@furl.net,Female,84.73.61.36
Donal,Pinnell,dpinnellat@1688.com,Male,203.148.105.221
Suki,Joyes,sjoyesau@miibeian.gov.cn,Female,199.93.181.69
Hewitt,Godsafe,hgodsafeav@npr.org,Male,188.64.43.121
Philly,Gonthier,pgonthieraw@symantec.com,Female,64.216.95.57
Richart,Elson,relsonax@etsy.com,Male,61.184.160.108
Lyn,Winnister,lwinnisteray@techcrunch.com,Female,117.202.224.198
Wat,Braithwaite,wbraithwaiteaz@dot.gov,Male,131.140.182.173
Berkley,Armal,barmalb0@cnn.com,Male,111.30.126.95
Aloysius,Brimicombe,abrimicombeb1@dyndns.org,Male,35.162.65.213
Tana,Gutowski,tgutowskib2@biglobe.ne.jp,Female,186.44.202.37
Easter,Bermingham,eberminghamb3@tmall.com,Female,87.44.214.86
Leopold,Dulany,ldulanyb4@odnoklassniki.ru,Agender,223.133.210.217
Cass,Zold,czoldb5@home.pl,Female,36.91.77.77
Anny,Ericssen,aericssenb6@cam.ac.uk,Female,163.83.172.181
Nannette,Yarranton,nyarrantonb7@timesonline.co.uk,Genderqueer,180.217.187.169
Grantley,Exall,gexallb8@wikipedia.org,Male,238.114.235.114
Horacio,Halliburton,hhalliburtonb9@list-manage.com,Male,56.58.199.75
Any,Johananoff,ajohananoffba@pinterest.com,Male,31.64.190.208
Demetria,Bastie,dbastiebb@facebook.com,Female,238.183.3.86
Haywood,Veld,hveldbc@wufoo.com,Male,132.18.118.148
Adrien,Kinghorn,akinghornbd@senate.gov,Male,41.135.154.15
Eimile,McWhan,emcwhanbe@storify.com,Female,52.109.161.130
Kerianne,Mahony,kmahonybf@sfgate.com,Female,200.62.97.219
Miranda,Keech,mkeechbg@mediafire.com,Female,171.240.81.89
Kelvin,Bortoletti,kbortolettibh@ft.com,Male,2.195.39.215
Boris,Gilcriest,bgilcriestbi@nature.com,Male,251.25.135.158
Meredith,Fawkes,mfawkesbj@hubpages.com,Male,200.144.216.16
Whit,Seymour,wseymourbk@admin.ch,Male,252.211.15.208
Briana,Pohls,bpohlsbl@arstechnica.com,Female,179.123.221.132
Ellette,Frary,efrarybm@sohu.com,Female,55.20.60.168
Sollie,Harnor,sharnorbn@123-reg.co.uk,Male,183.209.150.255
Mirabel,Lyptrade,mlyptradebo@tinyurl.com,Female,122.147.219.220
Irvine,Meaking,imeakingbp@g.co,Male,254.120.21.198
Dyanne,Degli Abbati,ddegliabbatibq@deliciousdays.com,Female,86.63.88.24
Nara,Jasik,njasikbr@dedecms.com,Female,196.58.135.25
Elicia,Nadin,enadinbs@independent.co.uk,Female,85.198.232.99
Kasey,Klinck,kklinckbt@army.mil,Female,208.212.172.106
Vito,Nolli,vnollibu@shinystat.com,Male,41.216.87.229
Sharline,Adlington,sadlingtonbv@bluehost.com,Female,177.21.107.156
Mahmud,Ashall,mashallbw@deliciousdays.com,Male,19.143.200.157
Otha,Utteridge,outteridgebx@census.gov,Female,139.39.142.131
Esme,Lerohan,elerohanby@wikimedia.org,Male,11.251.71.184
Vita,Sancto,vsanctobz@netscape.com,Female,90.189.155.143
Stevana,Ritmeier,sritmeierc0@wired.com,Female,176.250.152.22
Lincoln,Crean,lcreanc1@linkedin.com,Male,238.114.67.48
Friedrick,Klais,fklaisc2@shutterfly.com,Male,201.164.109.15
Chen,Zamboniari,czamboniaric3@free.fr,Male,73.100.113.71
Liz,Kesper,lkesperc4@paypal.com,Female,217.8.148.32
Silvain,Higgan,shigganc5@shareasale.com,Male,198.221.22.196
Alfy,Yonnie,ayonniec6@house.gov,Male,85.163.33.228
Amargo,Wimbury,awimburyc7@oracle.com,Female,158.177.28.188
Gena,Waterhouse,gwaterhousec8@nature.com,Female,188.11.86.168
Kristoforo,Connar,kconnarc9@ed.gov,Male,246.93.181.107
Brenn,Ropking,bropkingca@vinaora.com,Female,66.152.51.152
Ban,Yoakley,byoakleycb@ask.com,Male,133.10.70.151
Matthew,Kett,mkettcc@devhub.com,Male,48.32.248.15
Rick,Cunrado,rcunradocd@typepad.com,Male,126.181.106.143
Darcy,Dorrell,ddorrellce@dot.gov,Female,206.240.235.199
Odille,Whimpenny,owhimpennycf@opera.com,Bigender,18.74.204.58
Hyatt,Filippucci,hfilippuccicg@ed.gov,Male,142.204.42.33
Hastings,Baynon,hbaynonch@4shared.com,Male,133.178.63.31
Katlin,Eskrigge,keskriggeci@japanpost.jp,Female,97.247.140.169
Angelika,Ilyas,ailyascj@weibo.com,Female,43.94.157.200
Isobel,Giordano,igiordanock@blogspot.com,Female,93.1.159.11
Karlis,Cupper,kcuppercl@symantec.com,Male,93.123.9.141
Libby,Eisikowitch,leisikowitchcm@51.la,Female,152.112.127.45
Carey,Whimper,cwhimpercn@hibu.com,Male,198.155.242.100
Phineas,Castle,pcastleco@usda.gov,Male,40.87.140.247
Pincus,Loadwick,ploadwickcp@accuweather.com,Male,46.214.20.10
Ryann,Foyster,rfoystercq@independent.co.uk,Female,181.75.154.252
Bradley,Bulbeck,bbulbeckcr@delicious.com,Polygender,86.255.39.71
Hunter,Tullot,htullotcs@nba.com,Male,85.12.214.179
Irwinn,Stammirs,istammirsct@seesaa.net,Male,88.14.250.168
Mignonne,Celloni,mcellonicu@columbia.edu,Female,101.203.19.74
Barr,Husk,bhuskcv@buzzfeed.com,Male,90.118.236.213
Corney,Quadling,cquadlingcw@github.io,Male,103.38.213.34
Normie,Barnwill,nbarnwillcx@shutterfly.com,Male,215.140.56.102
Waring,Soro,wsorocy@sun.com,Bigender,100.236.218.83
Caitlin,Burchess,cburchesscz@msn.com,Genderfluid,168.196.179.73
Pebrook,Jagiello,pjagiellod0@baidu.com,Male,115.119.196.234
Agathe,Vannoni,avannonid1@shutterfly.com,Female,0.164.196.98
Sharona,Newall,snewalld2@youku.com,Female,76.216.112.45
Netty,Gartland,ngartlandd3@ft.com,Female,79.209.30.52
Ailina,Blucher,ablucherd4@networksolutions.com,Female,63.69.89.89
Glynn,Hellcat,ghellcatd5@woothemes.com,Male,240.196.100.252
Stacie,Glyde,sglyded6@g.co,Female,150.138.218.211
Vivyan,Bittlestone,vbittlestoned7@hhs.gov,Female,173.252.88.11
Rosa,Pietrowski,rpietrowskid8@mozilla.org,Female,52.160.1.76
Millicent,Mapletoft,mmapletoftd9@thetimes.co.uk,Genderqueer,80.166.90.11
Jaquith,Rhydderch,jrhydderchda@wired.com,Female,112.204.237.159
Claudius,Matteucci,cmatteuccidb@sogou.com,Male,205.232.151.136
Humbert,Niche,hnichedc@360.cn,Male,8.181.202.188
Cristina,Dyott,cdyottdd@irs.gov,Female,61.131.54.171
Conant,Gilardone,cgilardonede@dmoz.org,Male,28.144.205.163
Lil,Buchan,lbuchandf@sfgate.com,Female,168.200.91.222
Chrissie,Gribble,cgribbledg@tinyurl.com,Male,15.138.227.43
Zelma,Ginnally,zginnallydh@tripadvisor.com,Female,228.15.245.21
Morena,Allanby,mallanbydi@live.com,Female,195.227.136.228
Susanetta,Aujean,saujeandj@dropbox.com,Female,168.6.234.195
Donaugh,Heyball,dheyballdk@dion.ne.jp,Male,73.16.211.88
Falkner,Cottie,fcottiedl@baidu.com,Male,193.65.130.182
Darice,Bilbey,dbilbeydm@sakura.ne.jp,Female,169.9.185.161
Norina,Brecknell,nbrecknelldn@storify.com,Female,164.210.88.241
Filide,Soppett,fsoppettdo@ftc.gov,Female,212.226.3.13
Mariann,Braikenridge,mbraikenridgedp@booking.com,Female,88.56.31.236
Brooks,Hollingsbee,bhollingsbeedq@studiopress.com,Female,130.2.5.139
Fedora,Fitzjohn,ffitzjohndr@drupal.org,Female,202.5.167.75
Mae,Klimaszewski,mklimaszewskids@ovh.net,Female,114.171.97.59
Quincy,Fitzmaurice,qfitzmauricedt@e-recht24.de,Male,16.122.162.208
Boy,Fromont,bfromontdu@dmoz.org,Male,58.57.103.8
Hort,Heffernan,hheffernandv@msu.edu,Male,197.72.236.73
Annora,Stanbro,astanbrodw@typepad.com,Female,212.10.227.68
Gun,Leeman,gleemandx@t-online.de,Male,248.250.138.212
Lottie,Farnill,lfarnilldy@cocolog-nifty.com,Female,179.125.100.29
Brendon,Fleury,bfleurydz@ocn.ne.jp,Polygender,145.107.231.192
Cornelia,Francesconi,cfrancesconie0@wired.com,Female,254.65.221.167
Luce,Shemming,lshemminge1@com.com,Female,3.106.105.127
Hamish,Franchyonok,hfranchyonoke2@edublogs.org,Male,206.44.161.31
Gerrie,Whittenbury,gwhittenburye3@foxnews.com,Female,119.164.82.38
Beck,Catterall,bcatteralle4@vkontakte.ru,Male,69.225.227.17
Josephina,Doudney,jdoudneye5@blogtalkradio.com,Female,85.168.220.157
Mildred,Lanceter,mlancetere6@about.me,Female,0.103.119.247
Rafa,McKendry,rmckendrye7@wsj.com,Female,163.143.107.162
Anatole,Passion,apassione8@yellowbook.com,Male,112.106.99.63
Shelbi,Trembath,strembathe9@about.com,Female,171.188.50.99
Karna,Tripe,ktripeea@fastcompany.com,Female,54.79.125.56
King,Ennor,kennoreb@salon.com,Male,215.10.111.12
Lezlie,Nisot,lnisotec@usnews.com,Bigender,209.200.225.239
Bert,Wearing,bwearinged@usnews.com,Male,184.230.172.204
Claudius,Gerren,cgerrenee@apple.com,Male,30.202.143.219
Vittorio,By,vbyef@hao123.com,Male,33.146.89.90
Renelle,Humes,rhumeseg@blogtalkradio.com,Female,44.100.221.93
Thurston,Nunn,tnunneh@odnoklassniki.ru,Male,30.70.171.148
Mora,Gubbins,mgubbinsei@mapquest.com,Non-binary,99.108.121.213
Sandro,Pettman,spettmanej@csmonitor.com,Male,102.153.195.109
Geri,Bowser,gbowserek@jigsy.com,Genderqueer,153.244.34.254
Regan,Talman,rtalmanel@alexa.com,Male,230.126.245.80
Yoshi,Tomaschke,ytomaschkeem@desdev.cn,Genderfluid,56.173.83.72
Sigfrid,Kas,skasen@ucoz.com,Male,32.109.4.84
Koo,Portis,kportiseo@mlb.com,Female,42.172.64.75
Marcille,Wigfall,mwigfallep@webs.com,Agender,161.177.132.200
Kitti,Sumpton,ksumptoneq@dropbox.com,Female,57.207.52.153
Angele,Cullnean,acullneaner@bloomberg.com,Female,67.66.129.156
Dari,Fedorchenko,dfedorchenkoes@tiny.cc,Female,41.157.245.105
Lindon,Serjeantson,lserjeantsonet@google.co.uk,Male,40.132.167.208
Peyter,Keenor,pkeenoreu@jiathis.com,Non-binary,2.98.110.246
Kerianne,Pinnell,kpinnellev@ning.com,Female,169.82.201.68
Jamey,Freda,jfredaew@exblog.jp,Male,200.101.210.69
Myron,Tummond,mtummondex@ihg.com,Male,22.194.86.23
Bowie,Danilchenko,bdanilchenkoey@parallels.com,Male,184.82.152.65
Vilhelmina,Moreno,vmorenoez@statcounter.com,Female,96.144.153.246
Florette,Ackeroyd,fackeroydf0@mediafire.com,Genderqueer,225.10.170.232
Salli,Ambrus,sambrusf1@dropbox.com,Female,35.112.228.92
Aldous,Spoerl,aspoerlf2@house.gov,Male,238.205.69.175
Ernie,Shearn,eshearnf3@google.pl,Male,204.137.244.115
Dierdre,Humbell,dhumbellf4@dailymail.co.uk,Female,104.234.94.241
Saba,Tantum,stantumf5@yellowpages.com,Female,240.212.231.173
Lilli,Conichie,lconichief6@springer.com,Female,223.202.87.2
Bronnie,Alred,balredf7@livejournal.com,Male,206.78.21.57
Langston,Jepperson,ljeppersonf8@wunderground.com,Polygender,69.228.241.154
Osbert,Bernade,obernadef9@nba.com,Male,140.214.72.197
Noni,Canaan,ncanaanfa@ebay.com,Female,240.56.119.100
Jareb,Monks,jmonksfb@netvibes.com,Male,169.119.199.135
Eveleen,Floyd,efloydfc@issuu.com,Female,122.137.223.12
Horatia,Indruch,hindruchfd@who.int,Female,230.184.67.134
Sully,Bush,sbushfe@blogger.com,Male,80.117.70.215
Mikkel,Soggee,msoggeeff@bbc.co.uk,Male,195.185.220.64
Clarissa,Sowten,csowtenfg@indiatimes.com,Female,214.197.74.221
Sigismondo,Penquet,spenquetfh@yelp.com,Male,22.25.201.227
Calida,Lorenzin,clorenzinfi@skype.com,Female,51.251.192.232
Joyann,Johnys,jjohnysfj@intel.com,Female,217.104.12.115
Forrest,Inchley,finchleyfk@theatlantic.com,Male,227.177.174.63
Burnaby,Peggrem,bpeggremfl@yahoo.com,Male,208.179.148.206
Marita,Sammons,msammonsfm@flavors.me,Female,158.151.226.72
Corinna,Trays,ctraysfn@networksolutions.com,Female,246.85.103.213
Carson,Klimkin,cklimkinfo@weather.com,Genderqueer,3.156.174.35
Renaldo,Gylle,rgyllefp@flavors.me,Male,146.159.200.121
Edi,Chapelle,echapellefq@usda.gov,Female,174.28.205.95
Perle,Malser,pmalserfr@hatena.ne.jp,Genderfluid,139.82.65.179
Glyn,Andrichuk,gandrichukfs@sourceforge.net,Female,2.70.231.135
Joice,Skill,jskillft@blogger.com,Female,137.76.170.128
Konstanze,Bartoli,kbartolifu@businessweek.com,Female,162.13.31.185
Jackquelin,Alejo,jalejofv@opera.com,Female,16.182.84.66
Wrennie,Sivill,wsivillfw@rambler.ru,Female,168.159.23.76
Alexander,Sorensen,asorensenfx@disqus.com,Male,172.177.130.220
Marieann,Gettone,mgettonefy@tinyurl.com,Female,39.200.224.196
Riobard,Pascho,rpaschofz@tripod.com,Male,83.119.213.247
Kari,Corrao,kcorraog0@netvibes.com,Female,135.84.253.145
Monty,De Bell,mdebellg1@hibu.com,Male,149.200.5.142
Devin,Buist,dbuistg2@xing.com,Male,195.195.89.204
Yuma,Sandys,ysandysg3@freewebs.com,Male,220.249.67.176
Reggi,Feare,rfeareg4@ustream.tv,Female,158.68.240.154
Mommy,O'Doireidh,modoireidhg5@tamu.edu,Female,113.244.48.222
Garek,Tevlin,gtevling6@census.gov,Male,138.181.14.116
Biddy,Loody,bloodyg7@comsenz.com,Female,35.105.178.200
Che,Clewett,cclewettg8@t.co,Male,92.36.241.180
Corney,Wakeling,cwakelingg9@patch.com,Male,28.166.250.41
Bryanty,Plevin,bplevinga@archive.org,Male,136.85.242.122
Der,Shotboulte,dshotboultegb@prlog.org,Genderfluid,62.121.0.126
Jany,Vecard,jvecardgc@xrea.com,Female,136.80.127.40
Lulita,Maso,lmasogd@addthis.com,Polygender,110.187.122.252
Misti,Reinhardt,mreinhardtge@army.mil,Female,72.184.107.17
Sofia,Mulqueen,smulqueengf@hostgator.com,Genderqueer,61.20.239.218
Brucie,Greschke,bgreschkegg@nsw.gov.au,Male,121.215.114.115
Elset,Macbane,emacbanegh@globo.com,Female,121.26.8.75
Geri,Culross,gculrossgi@gov.uk,Male,162.59.252.62
Shayna,Raubheim,sraubheimgj@merriam-webster.com,Female,215.211.107.97
Bar,Thing,bthinggk@cornell.edu,Male,238.92.19.125
Crysta,Morforth,cmorforthgl@eventbrite.com,Female,191.137.40.183
Guenna,Mayers,gmayersgm@google.co.uk,Female,99.124.38.21
Arin,Mohan,amohangn@samsung.com,Male,128.14.252.176
Georgeanne,Pettigree,gpettigreego@behance.net,Female,237.236.87.185
Lind,Heningham,lheninghamgp@phpbb.com,Male,2.49.102.88
Maggy,Goldie,mgoldiegq@so-net.ne.jp,Female,117.107.38.240
Rossie,Arger,rargergr@163.com,Male,119.125.110.211
Dugald,Wase,dwasegs@bbb.org,Non-binary,250.230.159.100
Camile,Sherrington,csherringtongt@studiopress.com,Agender,129.208.14.66
Jennine,Reisenberg,jreisenberggu@naver.com,Female,209.42.103.202
Dietrich,Yarrow,dyarrowgv@is.gd,Male,120.199.181.27
Madelon,Freckelton,mfreckeltongw@mapquest.com,Female,247.49.80.102
Gauthier,Faulks,gfaulksgx@hao123.com,Male,38.187.196.220
Culver,Ciccone,ccicconegy@samsung.com,Male,154.254.206.131
Antonetta,Sudran,asudrangz@google.nl,Genderqueer,53.5.10.76
Hunfredo,Ariss,harissh0@indiatimes.com,Male,113.166.118.66
Faye,Skipton,fskiptonh1@amazon.co.uk,Female,102.170.8.244
Hart,Kenchington,hkenchingtonh2@hao123.com,Male,185.254.203.245
Jeffry,Ennion,jennionh3@friendfeed.com,Male,42.130.183.52
Zachariah,Phant,zphanth4@apache.org,Male,160.98.167.53
Pierette,Bearcock,pbearcockh5@shutterfly.com,Female,159.74.53.25
Justina,Pickance,jpickanceh6@yahoo.com,Female,180.251.249.131
Allister,Brown,abrownh7@naver.com,Male,203.0.253.47
Jorie,Ticic,jticich8@cmu.edu,Female,117.255.164.48
Sol,Brackenridge,sbrackenridgeh9@people.com.cn,Male,52.193.45.225
Shurlock,Deeny,sdeenyha@yolasite.com,Male,75.166.48.129
Judah,Thomerson,jthomersonhb@goo.ne.jp,Male,28.80.98.105
Lorne,Gayther,lgaytherhc@vinaora.com,Male,71.34.222.74
Annalee,Rowbottom,arowbottomhd@blogs.com,Genderfluid,150.173.9.223
Phineas,Jerzykiewicz,pjerzykiewiczhe@google.nl,Male,200.105.251.78
Francois,Durno,fdurnohf@tumblr.com,Male,33.177.57.205
Clemmie,Wysome,cwysomehg@slashdot.org,Male,88.229.7.237
Kyrstin,Rossbrooke,krossbrookehh@behance.net,Non-binary,156.219.223.11
Ted,Hannum,thannumhi@wsj.com,Male,21.13.98.194
Torry,Tousy,ttousyhj@symantec.com,Male,246.174.52.199
Tony,Peevor,tpeevorhk@geocities.com,Female,8.183.216.10
Iorgo,Kitteman,ikittemanhl@house.gov,Male,236.55.66.251
Oswell,Prendergast,oprendergasthm@oakley.com,Male,225.50.174.41
Ruth,Jefford,rjeffordhn@forbes.com,Female,73.34.121.143
Rhianna,Phil,rphilho@1und1.de,Female,55.167.100.201
Erin,Faucherand,efaucherandhp@over-blog.com,Male,229.247.117.151
Leonelle,Pashbee,lpashbeehq@narod.ru,Female,140.16.187.69
Augustin,Alam,aalamhr@ocn.ne.jp,Male,24.225.79.239
Law,Chaudron,lchaudronhs@theguardian.com,Male,231.161.63.74
Susannah,Scurrah,sscurrahht@who.int,Female,147.39.214.32
Trisha,Zanicchi,tzanicchihu@shop-pro.jp,Female,22.56.24.132
Lenora,Van der Beken,lvanderbekenhv@eventbrite.com,Female,144.10.72.15
Herb,Scurr,hscurrhw@boston.com,Male,131.221.240.114
Querida,Burberow,qburberowhx@wikia.com,Female,28.22.47.236
Sheffield,Winchester,swinchesterhy@zimbio.com,Male,210.24.121.55
Jourdain,Feaks,jfeakshz@newsvine.com,Male,227.222.254.3
Brittni,Rosellini,brosellinii0@paginegialle.it,Polygender,139.12.4.175
Lettie,Abramino,labraminoi1@imageshack.us,Female,200.63.215.252
Fransisco,Peirpoint,fpeirpointi2@bigcartel.com,Bigender,44.9.194.127
Marjorie,Kestin,mkestini3@surveymonkey.com,Female,93.239.201.30
Agnola,MacDermot,amacdermoti4@arizona.edu,Female,189.207.188.48
Kippy,Dysert,kdyserti5@simplemachines.org,Female,190.216.145.16
Arabella,Armitt,aarmitti6@odnoklassniki.ru,Female,226.50.89.50
Carmine,Nortunen,cnortuneni7@tiny.cc,Bigender,127.5.26.135
Rustin,Petteford,rpettefordi8@webs.com,Male,30.92.173.40
Ford,Bicksteth,fbickstethi9@yahoo.com,Bigender,140.58.147.240
Alie,Seville,asevilleia@admin.ch,Female,136.229.223.219
Orran,Ivanets,oivanetsib@freewebs.com,Male,110.180.147.206
Michele,Le Merchant,mlemerchantic@flickr.com,Female,176.230.83.116
Odilia,Battyll,obattyllid@gnu.org,Genderqueer,167.31.137.128
Rodney,Finker,rfinkerie@people.com.cn,Male,59.248.38.192
Michele,Dalliston,mdallistonif@toplist.cz,Female,112.29.10.104
Corby,Elgee,celgeeig@unblog.fr,Male,180.144.33.50
Paquito,Rapaport,prapaportih@abc.net.au,Male,160.182.69.27
Virgil,Longthorn,vlongthornii@gnu.org,Male,241.49.193.11
Francklin,Rubinsohn,frubinsohnij@biglobe.ne.jp,Bigender,24.10.148.133
Donnamarie,Penritt,dpenrittik@wikimedia.org,Female,24.56.58.175
Atlanta,Bann,abannil@stanford.edu,Female,65.84.200.59
Wernher,Reveley,wreveleyim@google.de,Male,99.165.107.44
Vonnie,Daenen,vdaenenin@flickr.com,Female,4.123.58.166
Helsa,Kezourec,hkezourecio@msn.com,Female,42.108.248.147
Lilas,Philpot,lphilpotip@indiatimes.com,Female,174.46.0.154
Angie,Knowling,aknowlingiq@cisco.com,Male,104.93.96.35
Tristan,Isaacs,tisaacsir@google.fr,Male,24.171.112.18
Valdemar,Matteris,vmatterisis@state.tx.us,Male,192.191.38.112
Amalle,Baison,abaisonit@techcrunch.com,Female,93.211.145.201
Charla,De Leek,cdeleekiu@tuttocitta.it,Female,218.33.26.209
Carree,Scrafton,cscraftoniv@mediafire.com,Female,79.133.164.21
Chickie,Blackway,cblackwayiw@washingtonpost.com,Male,228.225.67.195
Sharona,Statter,sstatterix@bizjournals.com,Female,232.190.120.237
Lonny,Grafton,lgraftoniy@nasa.gov,Male,139.221.5.215
Cornelius,Donwell,cdonwelliz@hugedomains.com,Male,62.249.174.12
Dulsea,Kimmings,dkimmingsj0@icio.us,Female,13.118.136.14
Robyn,Pitrelli,rpitrellij1@china.com.cn,Female,79.58.230.217
Elwira,D'Onise,edonisej2@cdc.gov,Female,174.73.200.51
Adella,Stillwell,astillwellj3@google.co.uk,Female,151.254.85.245
Kiele,Roycroft,kroycroftj4@europa.eu,Female,149.132.23.249
Gianni,Geerling,ggeerlingj5@gmpg.org,Male,250.230.226.106
Ermengarde,Slatcher,eslatcherj6@odnoklassniki.ru,Female,205.77.99.229
Kerry,Teffrey,kteffreyj7@epa.gov,Female,63.44.144.103
Ulrick,Whooley,uwhooleyj8@psu.edu,Male,74.29.33.238
Shelden,Gersam,sgersamj9@ning.com,Male,47.135.159.239
Allistir,Peaddie,apeaddieja@bbb.org,Male,138.27.98.45
Hyacinthia,Shortland,hshortlandjb@chicagotribune.com,Female,65.43.189.236
Salim,Peschka,speschkajc@goo.ne.jp,Male,118.38.208.168
Miles,Zuanazzi,mzuanazzijd@seattletimes.com,Male,100.187.78.160
Cazzie,Tester,ctesterje@upenn.edu,Male,202.130.82.40
Anastasia,Milmoe,amilmoejf@prnewswire.com,Female,117.53.215.133
Cobb,Ingyon,cingyonjg@berkeley.edu,Male,122.169.72.65
Shermy,Renvoys,srenvoysjh@skyrock.com,Male,75.220.1.79
Peyton,Kimble,pkimbleji@technorati.com,Male,156.129.162.186
Iggie,Kiehne,ikiehnejj@so-net.ne.jp,Genderfluid,43.113.213.54
Claudian,McCarlie,cmccarliejk@networkadvertising.org,Male,85.49.16.36
Kalila,McMurtyr,kmcmurtyrjl@msn.com,Female,0.10.87.229
Jedidiah,McGoldrick,jmcgoldrickjm@mac.com,Agender,174.175.203.106
Patricia,Avrashin,pavrashinjn@tuttocitta.it,Female,79.209.33.6
Emelita,Paine,epainejo@smugmug.com,Female,66.254.231.31
Allyn,Loxley,aloxleyjp@bloglovin.com,Male,42.27.99.145
Aleda,Hazle,ahazlejq@sciencedaily.com,Female,31.240.26.163
Remington,Darrigrand,rdarrigrandjr@privacy.gov.au,Male,227.63.25.187
Leese,Lipp,llippjs@microsoft.com,Female,22.8.63.22
Jodee,BURWIN,jburwinjt@japanpost.jp,Female,228.51.211.182
Lucio,Winslow,lwinslowju@reference.com,Male,13.11.14.124
Minetta,Gonoude,mgonoudejv@cisco.com,Polygender,181.187.72.174
Dominique,Laydon,dlaydonjw@cdc.gov,Female,246.170.62.181
Cleve,Ambrozik,cambrozikjx@yellowpages.com,Male,188.103.91.64
Iago,Olland,iollandjy@berkeley.edu,Male,66.214.138.142
Grazia,Chorlton,gchorltonjz@squarespace.com,Female,121.179.99.112
Woodie,Crew,wcrewk0@diigo.com,Male,162.7.43.191
Georgia,Slessar,gslessark1@etsy.com,Agender,139.223.64.161
Pepe,Ferryman,pferrymank2@google.com.au,Male,76.155.170.9
Hashim,Deacon,hdeaconk3@upenn.edu,Male,23.104.38.57
Garald,Farnsworth,gfarnsworthk4@printfriendly.com,Polygender,90.72.16.168
Sidnee,Norcross,snorcrossk5@walmart.com,Male,68.34.81.140
Maye,Bakey,mbakeyk6@umich.edu,Female,54.142.79.75
Arda,Marchington,amarchingtonk7@paypal.com,Female,152.94.146.243
Brion,Siderfin,bsiderfink8@tiny.cc,Male,2.157.242.46
Albie,Gierek,agierekk9@statcounter.com,Male,68.172.149.39
Dania,Barrowcliffe,dbarrowcliffeka@statcounter.com,Female,138.15.2.178
Romonda,Ipwell,ripwellkb@cnet.com,Female,36.197.7.210
Fanechka,Markham,fmarkhamkc@nih.gov,Female,221.219.84.203
Marni,Bambrick,mbambrickkd@prlog.org,Female,152.150.210.190
Alex,Richardes,arichardeske@oakley.com,Female,110.10.113.1
Constanta,Carbett,ccarbettkf@oakley.com,Female,48.255.114.18
Eliot,Cogman,ecogmankg@tamu.edu,Male,161.156.147.129
Carline,Goodright,cgoodrightkh@npr.org,Female,82.84.50.179
Anitra,Fransman,afransmanki@scribd.com,Female,18.125.229.99
Hazel,Ewbank,hewbankkj@hatena.ne.jp,Male,147.149.20.225
Holden,Shearmer,hshearmerkk@mayoclinic.com,Male,245.102.204.83
Bronnie,Ponting,bpontingkl@ucoz.com,Male,3.210.229.247
Aviva,Gulliford,agullifordkm@arstechnica.com,Female,100.165.178.81
Lucienne,Stocking,lstockingkn@123-reg.co.uk,Genderqueer,58.221.48.93
Cicely,Orth,corthko@networkadvertising.org,Female,195.27.60.83
Bernhard,Godsal,bgodsalkp@last.fm,Male,80.35.168.43
Peterus,Snead,psneadkq@berkeley.edu,Male,137.236.52.90
Ajay,Philipson,aphilipsonkr@ebay.com,Female,52.239.94.64
Arabela,Neary,anearyks@shareasale.com,Female,219.19.121.165
Odessa,Schimaschke,oschimaschkekt@dagondesign.com,Female,245.159.94.121
Burke,McKerrow,bmckerrowku@unesco.org,Male,23.253.160.159
Kirsten,Brugh,kbrughkv@ow.ly,Female,134.160.75.223
Giuseppe,Bernaciak,gbernaciakkw@vkontakte.ru,Male,75.74.238.45
Mackenzie,Kerr,mkerrkx@dailymail.co.uk,Male,214.133.62.254
Zebulen,Connold,zconnoldky@shinystat.com,Male,54.202.28.47
Richmound,Tavinor,rtavinorkz@twitter.com,Genderfluid,91.218.158.243
Gaye,Nollet,gnolletl0@china.com.cn,Female,118.36.206.112
Barn,Ismirnioglou,bismirniogloul1@squarespace.com,Male,151.191.11.54
Leese,Farrant,lfarrantl2@indiegogo.com,Genderfluid,44.71.120.56
Hort,Swidenbank,hswidenbankl3@marriott.com,Male,170.134.147.23
Saunders,Jennison,sjennisonl4@linkedin.com,Male,23.105.232.133
Richardo,Daens,rdaensl5@delicious.com,Male,135.36.224.75
Dari,Tilly,dtillyl6@typepad.com,Female,20.239.165.235
Cassy,Weldrake,cweldrakel7@gizmodo.com,Female,59.183.0.55
Cesar,Mosson,cmossonl8@alibaba.com,Male,152.131.43.175
Yoshiko,Guiso,yguisol9@rakuten.co.jp,Female,240.220.131.118
Gennifer,Bassano,gbassanola@baidu.com,Female,176.26.35.159
Viviyan,Haville,vhavillelb@gmpg.org,Female,38.249.189.229
Giovanna,Twatt,gtwattlc@artisteer.com,Female,25.168.187.63
Skipp,Leslie,sleslield@bravesites.com,Male,246.231.126.114
Ettie,Huygen,ehuygenle@geocities.jp,Female,231.23.5.189
Barret,Chaddock,bchaddocklf@rediff.com,Male,122.184.202.248
Jobina,Arbor,jarborlg@google.com.au,Female,156.24.41.34
Moina,Hellwing,mhellwinglh@freewebs.com,Polygender,107.97.127.138
Ruthann,Isgar,risgarli@soup.io,Female,65.67.234.62
Janine,Derisley,jderisleylj@alibaba.com,Female,150.29.186.143
Axe,Chelnam,achelnamlk@businessweek.com,Male,231.33.46.121
Christina,Deniset,cdenisetll@un.org,Female,178.128.92.145
Bobbie,Bootton,bboottonlm@wired.com,Female,20.110.79.15
Howey,Kupker,hkupkerln@over-blog.com,Male,9.109.136.55
Belinda,Trahair,btrahairlo@intel.com,Female,235.183.251.203
Elinore,Grindall,egrindalllp@g.co,Female,183.204.159.132
Hilda,Ianno,hiannolq@dailymotion.com,Female,230.144.23.77
Zorana,Cargo,zcargolr@va.gov,Female,45.141.119.10
Enid,De Caroli,edecarolils@state.gov,Female,112.76.89.215
Chen,Clewer,cclewerlt@4shared.com,Male,38.117.188.59
Derril,Rubee,drubeelu@free.fr,Male,226.211.74.195
Mora,Cadwell,mcadwelllv@cbsnews.com,Genderfluid,121.126.78.163
Stearn,Rosenthal,srosenthallw@woothemes.com,Male,42.219.159.142
Coleman,Spragg,cspragglx@g.co,Male,64.241.114.228
Prissie,Noller,pnollerly@oracle.com,Female,191.180.93.129
Portia,Wetter,pwetterlz@columbia.edu,Female,244.223.176.184
Karine,Bleasdale,kbleasdalem0@apple.com,Female,8.131.173.81
Irv,Ubee,iubeem1@sphinn.com,Male,243.150.143.147
Elset,Arbor,earborm2@edublogs.org,Female,81.135.99.85
Thorpe,Monkley,tmonkleym3@accuweather.com,Male,41.212.88.219
Calla,Petersen,cpetersenm4@bloomberg.com,Female,194.98.134.166
Gonzales,Van Der Vlies,gvandervliesm5@nsw.gov.au,Male,147.149.146.147
Niki,Woolfoot,nwoolfootm6@mit.edu,Male,155.162.53.154
Benjie,Devonshire,bdevonshirem7@surveymonkey.com,Male,83.20.13.181
Baxy,Thake,bthakem8@wikipedia.org,Male,122.228.188.232
Fairfax,Sanderson,fsandersonm9@storify.com,Male,78.96.110.245
Gipsy,Wabb,gwabbma@nhs.uk,Female,81.157.213.11
Dalston,McCague,dmccaguemb@angelfire.com,Male,179.184.181.190
Carlin,Glancy,cglancymc@wisc.edu,Female,13.253.76.70
Parsifal,Dewdney,pdewdneymd@themeforest.net,Male,251.123.69.175
Lewie,Elphick,lelphickme@mapy.cz,Male,163.161.107.26
Maureene,Gradwell,mgradwellmf@umn.edu,Female,23.50.73.59
Dorette,Kinloch,dkinlochmg@i2i.jp,Female,62.222.125.113
Burg,Manach,bmanachmh@apache.org,Male,115.240.93.89
Berti,Garrals,bgarralsmi@engadget.com,Female,25.147.32.120
Rubin,Coners,rconersmj@zimbio.com,Male,168.71.130.149
Kirbee,Drieu,kdrieumk@thetimes.co.uk,Polygender,152.228.234.242
Rudolfo,Kornyshev,rkornyshevml@msn.com,Male,203.3.253.55
Clem,Boscott,cboscottmm@bbb.org,Male,49.124.67.25
Gage,Khotler,gkhotlermn@oaic.gov.au,Male,60.248.57.60
Deane,Matusiak,dmatusiakmo@apache.org,Male,119.116.38.53
Laurie,Egel,legelmp@soundcloud.com,Male,230.158.18.94
Filippo,Hackley,fhackleymq@last.fm,Male,36.36.246.243
Richy,Ogg,roggmr@yale.edu,Male,31.217.249.51
Kipp,Chittey,kchitteyms@youku.com,Female,6.203.215.181
Valencia,Annakin,vannakinmt@webeden.co.uk,Female,172.240.52.34
Wiley,Perks,wperksmu@ezinearticles.com,Male,122.129.60.75
Celisse,Dannatt,cdannattmv@ibm.com,Female,250.141.247.204
Monte,Mattheissen,mmattheissenmw@deliciousdays.com,Agender,1.210.236.196
Tyrus,O'Lynn,tolynnmx@slashdot.org,Male,130.12.22.5
Rosemaria,Vardon,rvardonmy@livejournal.com,Female,117.224.98.134
Vanya,Gwalter,vgwaltermz@tiny.cc,Female,206.177.220.162
Vaughn,Wayon,vwayonn0@wufoo.com,Male,103.168.22.106
Teddy,Grevatt,tgrevattn1@bbc.co.uk,Female,67.105.34.95
Stearne,Kilvington,skilvingtonn2@uol.com.br,Male,203.98.98.142
Bernadina,Dalrymple,bdalrymplen3@miitbeian.gov.cn,Female,24.198.83.190
Junie,McMeeking,jmcmeekingn4@live.com,Female,152.38.90.61
Robinet,Giraldon,rgiraldonn5@xinhuanet.com,Male,124.23.103.42
Ashien,Giff,agiffn6@vimeo.com,Female,237.234.77.141
Selia,Feechan,sfeechann7@rediff.com,Female,251.134.100.122
Nelle,Longrigg,nlongriggn8@ibm.com,Female,194.244.225.186
Chic,Varndell,cvarndelln9@ihg.com,Male,156.58.208.128
Borg,Wink,bwinkna@sourceforge.net,Male,155.169.111.4
Lenore,Vedntyev,lvedntyevnb@so-net.ne.jp,Female,231.185.35.58
Beckie,Overy,boverync@bigcartel.com,Female,85.165.123.77
Jermaine,Kachel,jkachelnd@soup.io,Female,7.206.106.79
Tallulah,Juschka,tjuschkane@about.me,Female,157.132.81.244
Vick,O'Reilly,voreillynf@stumbleupon.com,Male,206.13.204.183
Minnie,Dominec,mdominecng@comsenz.com,Non-binary,241.143.192.23
Pamelina,De Pietri,pdepietrinh@angelfire.com,Female,80.89.225.103
Pietra,Blaxill,pblaxillni@marriott.com,Female,173.144.232.223
Armand,Baurerich,abaurerichnj@go.com,Male,116.38.76.197
Ralina,Aspenlon,raspenlonnk@csmonitor.com,Female,232.72.244.92
Nonah,Geck,ngecknl@miibeian.gov.cn,Female,211.19.192.80
Tad,Hove,thovenm@telegraph.co.uk,Male,62.105.187.23
Elijah,Gillease,egilleasenn@dmoz.org,Male,60.206.227.134
Cyndia,Hanburry,chanburryno@ihg.com,Female,222.226.247.170
Bond,Brigge,bbriggenp@ox.ac.uk,Male,92.245.29.186
Leese,Linley,llinleynq@fda.gov,Female,99.177.68.139
Winna,Armell,warmellnr@pcworld.com,Non-binary,84.183.212.38
Torr,Matysik,tmatysikns@zimbio.com,Male,215.166.146.161
Angelina,Gonzalvo,agonzalvont@hubpages.com,Female,249.166.89.4
Truman,Petigrew,tpetigrewnu@noaa.gov,Male,168.195.132.222
Minnnie,Cuttin,mcuttinnv@comcast.net,Female,235.240.87.71
Romola,Garrattley,rgarrattleynw@gnu.org,Female,188.21.19.202
Lissy,Hudel,lhudelnx@telegraph.co.uk,Female,207.134.31.147
Diahann,Triner,dtrinerny@ocn.ne.jp,Female,67.115.87.105
Bride,Anderton,bandertonnz@g.co,Female,121.73.241.241
Glenn,Tollit,gtollito0@skyrock.com,Male,70.72.25.115
Donni,McMeanma,dmcmeanmao1@nyu.edu,Female,44.7.18.63
Robbin,Pawnsford,rpawnsfordo2@usgs.gov,Female,71.160.48.214
Barnabas,O'Carran,bocarrano3@examiner.com,Male,226.242.35.6
Cobbie,France,cfranceo4@pagesperso-orange.fr,Male,18.197.135.46
Eleni,Marklow,emarklowo5@liveinternet.ru,Female,161.207.24.188
Francyne,Ingray,fingrayo6@newsvine.com,Female,5.24.103.219
Marji,Jannasch,mjannascho7@163.com,Female,240.252.155.90
Thorn,Kits,tkitso8@home.pl,Male,83.64.116.243
Jeddy,Carrabott,jcarrabotto9@amazon.co.uk,Male,197.13.21.71
Blythe,Parres,bparresoa@timesonline.co.uk,Female,131.211.177.54
Trenton,Fancutt,tfancuttob@sciencedirect.com,Male,253.77.36.216
Orran,Burstowe,oburstoweoc@odnoklassniki.ru,Male,1.114.165.236
Thorn,Greep,tgreepod@aboutads.info,Genderfluid,197.176.136.114
Kendra,Saladin,ksaladinoe@admin.ch,Female,164.226.41.204
Cassi,Blunsden,cblunsdenof@gnu.org,Polygender,134.132.248.136
Yovonnda,Bonafant,ybonafantog@stanford.edu,Female,110.20.144.50
Shandy,Kierans,skieransoh@eepurl.com,Female,68.188.208.175
Gwyn,Golborne,ggolborneoi@wunderground.com,Female,30.105.165.156
Frants,Bowbrick,fbowbrickoj@who.int,Male,116.164.184.83
Maxy,Killen,mkillenok@cam.ac.uk,Male,155.172.38.18
Corene,Estcot,cestcotol@cdbaby.com,Female,241.72.235.40
Jayson,Bungey,jbungeyom@youku.com,Male,231.197.225.13
Rici,Jessopp,rjessoppon@tiny.cc,Female,174.232.230.144
Isadore,Joost,ijoostoo@ucoz.ru,Male,136.201.155.239
Alasdair,Dureden,aduredenop@google.es,Male,70.17.46.118
Caralie,Crosetto,ccrosettooq@godaddy.com,Female,66.212.191.68
Leighton,Haville,lhavilleor@ucla.edu,Male,87.14.89.98
Salvatore,Theobalds,stheobaldsos@bing.com,Male,222.160.61.40
Idalina,Sharpous,isharpousot@pinterest.com,Female,46.152.223.45
Byrle,Espley,bespleyou@comcast.net,Male,178.139.200.227
Aube,Merrikin,amerrikinov@skype.com,Male,145.127.95.109
Viviana,Fanti,vfantiow@toplist.cz,Female,211.59.181.131
Duffy,Sillitoe,dsillitoeox@nbcnews.com,Male,140.64.23.56
Wallie,Shadrack,wshadrackoy@statcounter.com,Female,1.210.208.168
Eberhard,Badwick,ebadwickoz@dell.com,Male,89.51.30.203
Karola,Base,kbasep0@studiopress.com,Female,207.248.24.172
Michail,Bascomb,mbascombp1@usnews.com,Male,157.217.187.97
Sylvan,Lamyman,slamymanp2@blinklist.com,Male,43.134.110.21
Kingsly,Eckersley,keckersleyp3@prweb.com,Male,5.99.248.101
Archibold,Nelissen,anelissenp4@umn.edu,Male,212.150.126.46
Jordana,Attoc,jattocp5@vk.com,Female,112.84.107.16
Hewitt,Moreton,hmoretonp6@umich.edu,Male,218.61.158.84
Bevan,Vanezis,bvanezisp7@wordpress.com,Genderqueer,172.179.203.202
Allen,Ranfield,aranfieldp8@csmonitor.com,Male,5.218.218.164
Martainn,Dionis,mdionisp9@homestead.com,Male,204.189.71.43
Cindee,Matthensen,cmatthensenpa@sakura.ne.jp,Female,67.0.40.251
Dottie,Edess,dedesspb@addtoany.com,Female,87.8.72.183
Kerrin,Giacomini,kgiacominipc@globo.com,Female,169.32.31.79
Selia,Sumshon,ssumshonpd@bbc.co.uk,Female,216.52.160.6
Pincas,Butterwick,pbutterwickpe@mediafire.com,Male,184.194.14.186
Ole,Cartmell,ocartmellpf@sohu.com,Male,202.30.169.138
Giles,Oxbury,goxburypg@jiathis.com,Male,113.46.208.61
Joelly,Snoxall,jsnoxallph@mayoclinic.com,Female,148.97.125.61
Kikelia,Kubica,kkubicapi@state.tx.us,Female,48.108.69.54
Shela,Keenor,skeenorpj@networksolutions.com,Female,226.156.3.160
Rozalin,Showte,rshowtepk@prnewswire.com,Female,237.73.208.81
Maddi,Patley,mpatleypl@adobe.com,Female,111.209.156.238
Jamill,Volkers,jvolkerspm@wix.com,Male,195.49.123.52
Oliy,Trinbey,otrinbeypn@soundcloud.com,Female,41.213.13.66
Shem,Vinsen,svinsenpo@ezinearticles.com,Male,145.235.96.12
Curtis,Ashall,cashallpp@fema.gov,Male,60.182.185.28
Brade,Haslehurst,bhaslehurstpq@mozilla.com,Male,43.3.74.130
Clementina,Ketteridge,cketteridgepr@mapy.cz,Genderfluid,76.4.49.152
Alverta,Greenhill,agreenhillps@addthis.com,Female,218.47.235.66
Viv,Petrello,vpetrellopt@google.com.au,Female,191.212.111.77
Bartholomeus,Brewins,bbrewinspu@ocn.ne.jp,Male,129.52.231.86
Adham,Steinhammer,asteinhammerpv@ca.gov,Male,163.31.10.10
Peri,Boutell,pboutellpw@jimdo.com,Female,189.219.241.171
Ashley,Buzin,abuzinpx@dropbox.com,Female,164.238.218.244
Randell,McTurley,rmcturleypy@yelp.com,Male,189.93.152.150
Zeb,Moule,zmoulepz@unblog.fr,Male,255.162.140.73
Si,Devorill,sdevorillq0@senate.gov,Male,127.24.62.202
Dallon,Mustchin,dmustchinq1@pbs.org,Male,143.156.245.130
Nealy,Ziemen,nziemenq2@spotify.com,Male,233.47.97.71
Dukey,Luis,dluisq3@dailymotion.com,Male,96.47.214.215
Kahlil,Batchellor,kbatchellorq4@lycos.com,Male,168.190.164.162
Brittany,Dederich,bdederichq5@amazon.de,Female,214.231.221.166
Bette,Quartly,bquartlyq6@facebook.com,Female,119.134.10.52
Ludwig,Ivashechkin,livashechkinq7@illinois.edu,Male,185.51.124.49
Anette,Harbron,aharbronq8@spiegel.de,Female,93.154.70.174
Rafaello,Solon,rsolonq9@smh.com.au,Male,51.111.52.64
Gray,Oakhill,goakhillqa@npr.org,Male,109.198.4.12
Tonye,Lowfill,tlowfillqb@washingtonpost.com,Female,53.63.177.205
Lavinia,Burns,lburnsqc@sakura.ne.jp,Female,137.11.164.45
Augie,Parnby,aparnbyqd@lulu.com,Male,144.147.96.193
Raimondo,Risdall,rrisdallqe@sciencedaily.com,Male,182.107.91.102
Dillon,Evert,devertqf@illinois.edu,Male,45.250.133.225
Charmane,Tidbold,ctidboldqg@hatena.ne.jp,Female,217.218.50.55
Betta,Oxbury,boxburyqh@usgs.gov,Non-binary,128.225.234.118
Audrye,Privost,aprivostqi@psu.edu,Female,179.19.77.163
Archaimbaud,Skade,askadeqj@usda.gov,Male,115.209.211.36
Raquel,Papez,rpapezqk@tiny.cc,Female,35.250.101.99
Derwin,Mensler,dmenslerql@woothemes.com,Male,5.236.182.9
Dillon,Cropp,dcroppqm@miitbeian.gov.cn,Male,240.47.212.36
Giraldo,Burdett,gburdettqn@cam.ac.uk,Male,185.33.109.196
Dale,Worsom,dworsomqo@liveinternet.ru,Agender,66.153.245.206
Consuelo,Wooderson,cwoodersonqp@fda.gov,Female,61.21.4.141
Dorothea,Van Der Straaten,dvanderstraatenqq@accuweather.com,Female,124.50.130.67
Gan,Fetherston,gfetherstonqr@techcrunch.com,Male,202.193.21.217
Linus,Couzens,lcouzensqs@diigo.com,Male,6.104.161.81
Toddie,Duffell,tduffellqt@opensource.org,Male,116.40.115.198
Teddi,Glassup,tglassupqu@blogs.com,Female,106.5.89.121
Hulda,Ballam,hballamqv@example.com,Female,132.43.36.172
Raine,Fattorini,rfattoriniqw@storify.com,Bigender,116.202.180.201
Dayna,Tylor,dtylorqx@walmart.com,Female,237.181.103.208
Kurtis,Jessen,kjessenqy@bbb.org,Genderqueer,198.184.160.30
Kort,Karlqvist,kkarlqvistqz@4shared.com,Male,228.128.164.116
Cristabel,Spitaro,cspitaror0@squidoo.com,Female,28.45.102.22
Karleen,Caldow,kcaldowr1@reddit.com,Female,54.85.202.91
Nert,Marousek,nmarousekr2@harvard.edu,Female,178.230.244.202
Carter,Spino,cspinor3@people.com.cn,Male,106.209.205.189
Joelly,Bransdon,jbransdonr4@addtoany.com,Female,7.191.139.63
Brandais,Justham,bjusthamr5@ucoz.ru,Female,93.78.238.42
Bailie,Stonebridge,bstonebridger6@yahoo.co.jp,Male,78.49.83.200
Eula,Malenoir,emalenoirr7@nyu.edu,Female,131.89.226.199
Alexis,Stockney,astockneyr8@sakura.ne.jp,Female,174.0.47.35
Nathalie,Rippingall,nrippingallr9@disqus.com,Female,108.94.221.60
Clare,Galton,cgaltonra@list-manage.com,Female,90.109.66.150
Hartley,O'Caherny,hocahernyrb@redcross.org,Male,0.78.186.68
Stevena,Leak,sleakrc@mayoclinic.com,Female,39.134.117.3
Rochette,Antoney,rantoneyrd@geocities.jp,Female,146.199.142.36
Alejandro,Hapke,ahapkere@sina.com.cn,Male,67.179.210.189
Maryellen,Buesnel,mbuesnelrf@diigo.com,Female,162.50.160.178
Ainslee,Dellenbrok,adellenbrokrg@ycombinator.com,Female,178.20.193.142
Ev,Broadfoot,ebroadfootrh@rambler.ru,Male,120.125.4.130
Iseabal,Elmhirst,ielmhirstri@admin.ch,Female,166.189.41.48
Adora,Kinnock,akinnockrj@nationalgeographic.com,Female,245.143.40.153
Josepha,Ashbridge,jashbridgerk@umich.edu,Female,180.206.207.203
Lek,Townes,ltownesrl@t.co,Male,24.153.215.157
Cassey,Levison,clevisonrm@businesswire.com,Female,110.139.64.71
Jess,Cubuzzi,jcubuzzirn@hugedomains.com,Female,217.93.189.224
Marysa,Filov,mfilovro@walmart.com,Female,154.220.31.214
Manon,Giffin,mgiffinrp@plala.or.jp,Female,116.157.57.164
Cyndi,Warbeys,cwarbeysrq@guardian.co.uk,Polygender,65.112.196.74
Marti,Hulse,mhulserr@vinaora.com,Female,179.11.173.250